{
  "nome_teste": "Grande_200",
  "L": 10,
  "W": 12,
  "H": 15,
  "volume_container": 1800,
  "num_caixas": 200,
  "volume_caixas": 200,
  "ocupacao_teorica": 11.11111111111111,
  "volume_ocupado": 200,
  "utilizacao_real": 11.11111111111111,
  "fitness": -1.3487812499999243e-05,
  "tempo_total": 519.9327700138092,
  "geracoes_executadas": 6,
  "solucoes_invalidas": 257,
  "motivo_parada": "TEMPO_MAX - Limite de 0.13333333333333333h",
  "sucesso": true
}