{
  "nome_teste": "Extra_300",
  "L": 12,
  "W": 15,
  "H": 18,
  "volume_container": 3240,
  "num_caixas": 300,
  "volume_caixas": 300,
  "ocupacao_teorica": 9.25925925925926,
  "volume_ocupado": 300,
  "utilizacao_real": 9.25925925925926,
  "fitness": -1.5647083333329272e-05,
  "tempo_total": 737.7240142822266,
  "geracoes_executadas": 2,
  "solucoes_invalidas": 140,
  "motivo_parada": "TEMPO_MAX - Limite de 0.16666666666666666h",
  "sucesso": true
}