{
  "nome_teste": "Extra_100",
  "L": 12,
  "W": 15,
  "H": 18,
  "volume_container": 3240,
  "num_caixas": 100,
  "volume_caixas": 100,
  "ocupacao_teorica": 3.0864197530864197,
  "volume_ocupado": 100,
  "utilizacao_real": 3.0864197530864197,
  "fitness": -1.0241250000000172e-05,
  "tempo_total": 606.6180231571198,
  "geracoes_executadas": 42,
  "solucoes_invalidas": 217,
  "motivo_parada": "TEMPO_MAX - Limite de 0.16666666666666666h",
  "sucesso": true
}