{
  "nome_teste": "Extra_200",
  "L": 12,
  "W": 15,
  "H": 18,
  "volume_container": 3240,
  "num_caixas": 200,
  "volume_caixas": 200,
  "ocupacao_teorica": 6.172839506172839,
  "volume_ocupado": 200,
  "utilizacao_real": 6.172839506172839,
  "fitness": -1.3028749999999078e-05,
  "tempo_total": 628.40549659729,
  "geracoes_executadas": 6,
  "solucoes_invalidas": 196,
  "motivo_parada": "TEMPO_MAX - Limite de 0.16666666666666666h",
  "sucesso": true
}